<?xml version="1.0" encoding="UTF-8"?>
<project-private xmlns="http://www.netbeans.org/ns/project-private/1">
    <editor-bookmarks xmlns="http://www.netbeans.org/ns/editor-bookmarks/2" lastBookmarkId="0"/>
    <open-files xmlns="http://www.netbeans.org/ns/projectui-open-files/2">
        <group>
            <file>file:/C:/Users/PYZA/Desktop/PROTOTYPDWA/src/prototyp2/Ośrodek.java</file>
            <file>file:/C:/Users/PYZA/Desktop/PROTOTYPDWA/src/prototyp2/Dodaj_pracownik.java</file>
            <file>file:/C:/Users/PYZA/Desktop/PROTOTYPDWA/src/prototyp2/Dodaj_Klient.java</file>
            <file>file:/C:/Users/PYZA/Desktop/PROTOTYPDWA/src/prototyp2/Dodaj_użytkownika.java</file>
            <file>file:/C:/Users/PYZA/Desktop/PROTOTYPDWA/src/prototyp2/Dodaj_uwagi.java</file>
        </group>
    </open-files>
</project-private>
